total_actions,total_time_ms,avg_time_per_action_ms,paste_count,deletion_count,compilation_count,submission_count,SRN
1001,4973670,4968.701298701299,0,252,56,23,PES2UG24CS573
1220,4340992,3558.1901639344264,0,302,40,4,PES2UG24CS536
2364,4567678,1932.1818950930626,0,602,78,21,PES2UG24EC121
1961,4455470,2272.039775624681,0,520,33,4,PES2UG24AM173
2690,5234302,1945.8371747211895,0,1157,80,3,PES2UG24CS642
937,3500052,3735.3810032017077,0,162,23,16,PES2UG24CS213
1739,5217492,3000.2829212190913,0,441,41,93,PES2UG24CS162
1501,5040034,3357.784143904064,0,415,84,10,PES2UG24CS540
2925,5151011,1761.0294017094018,0,927,75,27,PES2UG24CS336
1068,3803033,3560.8923220973784,0,318,28,8,PES2UG24AM219
1763,5166345,2930.4282473057287,0,627,79,4,PES2UG24CS126
1055,2117705,2007.303317535545,0,229,28,9,PES2UG24AM019
1021,4879255,4778.898139079334,0,308,39,26,PES2UG24EC017
1424,4775541,3353.6102528089887,0,472,31,18,PES2UG24CS013
301,1550776,5152.079734219269,0,112,8,3,PES2UG24EC103
1666,4491496,2695.9759903961585,0,214,68,19,PES2UG24EC130
2648,4794553,1810.6317975830816,0,886,99,11,PES2UG24CS134
1634,5323171,3257.75458996328,0,496,32,11,PES2UG24AM124
1648,4088603,2480.948422330097,0,588,43,2,PES2UG24EC143
2363,18472631,7817.448582310622,0,746,49,31,PES2UG24CS023
1720,5353991,3112.7854651162793,0,294,96,71,PES2UG24CS649
1700,5309468,3123.216470588235,0,391,91,13,PES2UG24CS267
1507,5291917,3511.557398805574,0,186,53,45,PES2UG24CS619
2262,5345961,2363.3779840848806,0,831,79,15,PES2UG24CS275
1744,4543542,2605.2419724770643,0,496,55,22,PES2UG24CS525
1417,5169403,3648.1319689484826,0,245,62,15,PES2UG24CS473
2801,3941590,1407.2081399500178,0,859,51,8,PES2202401568
1206,4172731,3459.9759535655057,0,337,13,2,PES2UG24AM198
3517,4763221,1354.3420528859824,0,1432,87,34,PES2UG24CS249
4523,5228983,1156.087331417201,0,1096,71,5,PES2UG24AM059
2320,5167720,2227.4655172413795,0,713,22,83,PES2UG24CS548
1330,5366830,4035.2105263157896,0,320,27,28,PES2UG24CS128
2557,5099929,1994.4970668752444,0,997,54,16,PES2UG24CS663
3473,5187467,1493.6559170745752,0,1111,99,17,PES2UG24CS390
1688,5209444,3086.1635071090045,0,549,58,77,PES2UG24CS646
3166,4529207,1430.5770688566015,0,1292,89,3,PES2UG24AM158
1354,3701210,2733.5376661742985,0,180,68,11,PES2UG24AM046
1729,4934870,2854.1758241758243,0,425,38,20,PES2UG24CS502
2306,5351271,2320.5858629661752,0,625,84,20,PES2UG24CS636
2915,22389124,7680.660034305317,0,629,101,7,PES2UG24EC133
1089,5134076,4714.48668503214,0,308,37,20,PES2UG24CS633
1961,4662970,2377.853136155023,0,573,37,1,PES2UG24CS219
1167,5079573,4352.676092544987,0,155,44,44,PES2UG24EC012
1973,5272694,2672.4247339077547,0,468,45,33,PES2UG24AM122
2053,5140095,2503.6994641987335,0,863,39,5,PES2UG24CS509
299,2179862,7290.508361204013,0,38,7,4,PES2UG24EC128
1745,5329728,3054.2853868194843,0,551,71,65,PES2UG24EC063
1796,5348852,2978.2026726057907,0,669,94,81,PES2UG24CS150
54,354961,6573.351851851852,0,2,2,2,PES2UG24ECE000
1680,5266812,3135.0071428571428,0,513,78,16,PES2UG24EC041
2341,6174908,2637.722340879966,0,649,85,42,PES2202400571
1245,4949505,3975.5060240963853,0,311,39,14,PES2UG24AM086
1811,3806654,2101.9624516841523,0,819,70,20,PES2UG24AM137
1603,5364189,3346.3437305053026,0,305,71,11,PES2UG24AM200
2066,4477210,2167.0909970958373,0,365,30,18,PES2UG24CS608
1876,5276044,2812.3901918976544,0,309,50,8,PES2UG24CS522
922,4831774,5240.53579175705,0,258,43,13,PES2UG24CS259
1334,4964569,3721.565967016492,0,236,63,1,PES2UG24CS110
1773,5298821,2988.6187253243093,0,485,92,19,PES2UG24CS237
903,3079570,3410.376522702104,0,286,18,1,PES2UG24AM165
2427,5446349,2244.066337041615,0,850,137,7,PES2UG24CS672
3108,5342206,1718.8564993564994,0,652,82,76,PES2UG24CS116
755,3005705,3981.066225165563,0,243,23,0,PES2UG24CS557
2134,5080258,2380.626991565136,0,304,105,23,PES2UG24CS072
452,746874,1652.3761061946902,0,131,7,6,PES2202400031
2170,4998850,2303.6175115207375,0,528,103,31,PES2202400249
1960,5142946,2623.9520408163266,0,351,65,5,PES2UG24AM166
2117,4008071,1893.2786962683042,0,613,72,7,PES2UG24CS378
711,2733115,3844.043600562588,0,180,6,3,PES2UG24AM225
1660,4863565,2929.85843373494,0,649,43,15,PES2UG24CS560
2259,5329151,2359.0752545374057,0,508,80,74,PES2UG24CS547
1970,5190244,2634.641624365482,0,520,57,28,PES2UG24CS652
1660,3684439,2219.5415662650603,0,429,35,5,PES2UG24CS309
1583,3578339,2260.479469361971,0,366,46,8,PES2UG24CS387
1273,5122244,4023.758051846033,0,415,17,29,PES2UG24EC119
3304,5184738,1569.2306295399517,0,1504,95,16,PES2UG24AM196
964,4628878,4801.740663900415,0,192,20,26,PES2UG24CS169
2672,24983184,9349.994011976049,0,515,88,42,PES2UG24CS588
1204,4534853,3766.4892026578073,0,204,29,19,PES2UG24CS568
1636,4907401,2999.6338630806845,0,300,69,10,PES2UG24CS086
1204,4627991,3843.8463455149504,0,321,56,4,PES2UG24CS227
975,2179714,2235.6041025641025,0,344,18,27,PES2UG24CS176
1057,4769934,4512.709555345317,0,157,14,46,PES2UG24EC029
1359,3919155,2883.852097130243,0,515,34,11,PES2UG24CS101
2824,5194486,1839.407223796034,0,393,88,106,PES2UG24CS670
1766,4304754,2437.573046432616,0,511,40,64,PES2UG24CS655
1690,2839511,1680.1840236686392,0,410,21,14,PES2UG24CS216
1813,17898782,9872.466629895202,0,432,56,9,PES2UG24CS081
2377,4815994,2026.0807740849812,0,913,44,22,PES2UG24EC132
1451,5430902,3742.868366643694,0,362,70,20,PES2UG24CS295
2628,3757373,1429.746194824962,0,477,68,20,PES2UG24CS437
1245,5231713,4202.179116465863,0,378,49,80,PES2UG24CS506
3095,5535052,1788.3851373182551,0,634,112,7,PES2UG24CS545
1509,21510469,14254.78396288933,0,340,32,11,PES2UG24CS539
2143,5332373,2488.274848343444,0,373,134,30,PES2UG24CS058
2328,4566699,1961.6404639175257,0,393,71,15,PES2UG24AM092
2470,20562749,8324.9995951417,0,629,99,48,PES2UG24CS644
1211,5073072,4189.159372419488,0,159,69,69,PES2UG24CS503
3016,17192001,5700.2655835543765,0,954,72,6,PES2UG24CS594
1933,5318181,2751.25763062597,0,487,69,22,PES2UG24CS102
2154,5285649,2453.876044568245,0,646,64,30,PES2UG24CS217
904,2848958,3151.5022123893805,0,205,72,4,PES2UG24CS645
3658,5176219,1415.0407326407874,0,631,133,22,PES2202400065@pesuonline.onmicrosoft.com
1614,5135053,3181.569392812887,0,351,231,33,PES2UG24AM207
1235,5311642,4300.9246963562755,0,422,78,87,PES2UG24CS050
4222,25830115,6117.980814779725,0,1070,98,37,PES2UG24EC096
2697,5368476,1990.5361512791992,0,602,107,55,PES2UG24CS109
1026,4441411,4328.860623781677,0,309,63,1,PES2UG24CS561
2199,5271336,2397.1514324693044,0,614,47,21,PES2UG24CS071
1734,5221142,3011.0392156862745,0,541,93,72,PES2UG24CS029
2473,5062564,2047.1346542660735,0,890,67,30,PES2UG24AM223
4985,5206158,1044.3646940822468,0,1441,124,40,PES2UG24CS590
2408,4948257,2054.924003322259,0,425,73,101,PES2UG24EC052
2264,4627936,2044.1413427561838,0,938,60,9,PES2UG24CS638
1660,5289550,3186.475903614458,0,360,70,50,PES2UG24CS527
1689,5143577,3045.3386619301364,0,406,63,3,PES2UG24AM211
2007,5066311,2524.320378674639,0,584,46,106,PES2UG24CS453
3308,5386292,1628.2623941958886,0,937,128,23,PES2UG24AM161
2264,4822346,2130.01148409894,0,546,73,21,PES2UG24CS465
1808,4172093,2307.573561946903,0,572,49,16,PES2UG24CS007
1711,4552173,2660.5336060783166,0,511,45,30,PES2UG24AM042
2038,5152180,2528.0569185475956,0,460,104,29,PES2UG24CS552
2078,5364708,2581.6689124157842,0,518,47,26,PES2UG24CS131
1109,4635279,4179.692515779982,0,183,21,20,PES2UG24CS459
2220,5368232,2418.1225225225226,0,923,46,36,PES2UG24CS656
2567,3579913,1394.5901830931048,0,678,62,17,PES2UG24EC131
1447,5425145,3749.2363510711816,0,349,47,31,PES2UG24CS602
1724,5251702,3046.2308584686775,0,378,85,50,PES2UG24CS647
2027,5233693,2581.989639861865,0,563,74,29,PES2UG24CS467
2082,5361752,2575.2891450528336,0,502,91,18,PES2UG24AM185
1407,5119148,3638.3425728500356,0,400,46,4,PES2UG24CS679
1506,5039445,3346.2450199203186,0,332,28,6,PES2UG24AM202
1277,4880783,3822.069694596711,0,342,33,36,PES2UG24CS501
2125,4996272,2351.186823529412,0,694,88,53,PES2UG24CS466
2385,5294930,2220.0964360587004,0,773,133,7,PES2UG24CS549
2142,5367081,2505.6400560224088,0,479,56,28,PES2UG24CS327
3169,4598673,1451.143262858946,0,1169,35,8,PES2UG24CS200
2112,4817470,2280.999053030303,0,567,104,10,PES2UG24CS398
2480,5311044,2141.55,0,523,106,68,PES2UG24CS265
2470,5354529,2167.8255060728743,0,504,69,26,PES2UG24CS562
1812,4543246,2507.310154525386,0,332,81,1,PES2UG24CS441
2569,5236731,2038.4316854807319,0,678,53,8,PES2UG24EC094
2246,5104938,2272.902048085485,0,509,101,24,PES2UG24CS630
3028,5369166,1773.1723910171731,0,1113,122,35,PES2UG24CS340
1959,5369010,2740.689127105666,0,491,115,13,PES2UG24AM079
2195,4842789,2206.2820045558087,0,698,63,5,PES2UG24CS555
1623,4718950,2907.5477510782503,0,524,61,62,PES2UG24CS375
1530,5243506,3427.1281045751634,0,273,37,76,PES2UG24CS388
1050,5329361,5075.581904761905,0,325,36,28,PES2UG24CS462
2560,5007721,1956.141015625,0,881,83,6,PES2UG24CS312
1413,3608318,2553.657466383581,0,392,27,17,PES2UG24CS606
2356,5360752,2275.3616298811544,0,639,119,21,PES2UG24CS641
2879,5434099,1887.4953108718305,0,772,146,40,PES2UG24AM080
1171,4473015,3819.824935952178,0,156,37,84,PES2UG24CS431
1821,4705573,2584.059857221307,0,396,81,36,PES2UG24CS664
2834,5485147,1935.4788285109387,0,717,104,33,PES2UG24CS669
928,5210172,5614.4094827586205,0,306,22,17,PES2UG24CS232
1529,4805373,3142.820797907129,0,303,57,5,PES2UG24CS657
3064,5007396,1634.2676240208878,0,798,107,31,PES2UG24CS374
1879,3953934,2104.2756785524216,0,569,48,9,PES2UG24CS478
1811,5381555,2971.593042517946,0,539,81,94,PES2UG24CS091
2922,8460181,2895.339151266256,0,501,103,50,PES2UG24CS421
2081,3940932,1893.7683805862566,0,626,53,8,PES2UG24CS061
2129,4887947,2295.888680131517,0,576,106,36,PES2UG24AM191
501,1108565607,2212705.8023952097,0,3,7,9,PES2UG22CS121
1513,5061353,3345.24322538004,0,296,84,7,PES2UG24CS254
3213,5516625,1716.970121381886,0,1082,65,27,PES2202401091
1448,4283879,2958.4799723756905,0,213,58,48,PES2202402326
4652,5565253,1196.3140584694754,0,1616,94,11,PES2UG24AM066
754,4173044,5534.541114058356,0,97,18,32,PES2UG24CS297
2725,5069893,1860.5111926605505,0,988,55,56,PES2UG24AM053
1635,5386559,3294.531498470948,0,620,59,131,PES2UG24CS151
204,678591,3326.426470588235,0,47,4,1,PES2UG24CS100
2623,5353099,2040.8307281738466,0,708,85,23,PES2UG24CS242
1962,5045040,2571.376146788991,0,323,107,35,PES2UG24AM115
2384,5301701,2223.8678691275168,0,596,76,30,PES2UG24CS090
2810,5464584,1944.6918149466192,0,593,87,6,PES2UG24CS027
1811,4612016,2546.668139149641,0,419,67,18,PES2UG24CS461
1808,4978457,2753.571349557522,0,508,41,23,PES2UG24CS486
2629,5218635,1985.0266260935716,0,871,36,54,PES2UG24CS302
2064,5161489,2500.7214147286822,0,703,88,66,PES2UG24CS651
2258,4325992,1915.85119574845,0,750,83,3,PES2UG24AM029
1863,4819318,2586.858829844337,0,438,44,104,PES2UG24CS454
1700,5185650,3050.3823529411766,0,613,67,24,PES2UG24AM212
1656,4226098,2551.99154589372,0,332,81,34,PES2UG24AM116
2620,4792273,1829.1118320610688,0,480,128,22,PES2UG24CS201
1285,5225952,4066.8887159533074,0,389,70,7,PES2UG24EC100
